-0.22745657,-0.182584822,-0.113214493,1,2,3,-0.753063932,-0.376196013,0.539788176
-0.13165772,-0.261896759,-0.03483963,3,4,1,-0.842229079,-0.106372162,0.528521657
-0.173218846,-0.16087018,-0.022413254,5,6,4,-0.86529379,0.012488833,0.501109455
-0.23581624,-0.08294636,-0.106482506,6,7,4,-0.88492495,0.022432831,0.465193079
-0.179702163,-0.05258777,-0.01034379,8,9,10,0.061632418,-0.984984094,-0.161269276
-0.218361855,0.048535749,-0.079619884,11,12,13,-0.752157565,-0.329610382,0.570627719
-0.244721889,-0.03380999,-0.12579298,12,14,13,-0.802790508,-0.154442972,0.575912119
-0.05770576,-0.300865084,-0.065428257,15,16,14,-0.83107118,0.180501958,0.526060583
-0.001215458,-0.289613396,-0.112561226,10,17,18,-0.584451019,-0.659818796,0.47228822
-0.014930367,-0.302387774,-0.039780617,19,20,21,-0.448519637,-0.799869303,0.398797233
-0.067671657,-0.225774795,0.072387457,19,21,22,-0.463558058,-0.79487817,0.391513245
-0.027081251,-0.11698027,0.188733339,23,19,24,0.749061992,-0.629601967,-0.206173461
-0.10395062,-0.135814816,0.076530695,9,25,10,-0.752261023,-0.610068814,-0.248836081
-0.121883988,-0.033239454,0.079040289,25,26,17,-0.629308867,-0.622221856,0.465628941
-0.046171546,-0.015078545,0.192419529,27,28,29,-0.895343879,-0.383863647,-0.225849592
-0.102686286,0.072396636,0.073122978,27,29,25,-0.962641234,-0.267322248,-0.043135482
0.077285528,-0.360585093,-0.006970167,30,31,28,-0.578840637,0.446676936,-0.682219343
0.048647404,-0.28448543,0.063906908,30,28,27,-0.391128373,0.310675192,-0.866313754
-0.175245643,-0.378670722,-0.313235283,32,17,26,0.497768419,-0.689212874,0.526509464
-0.143579245,-0.349232554,-0.218576431,33,34,32,0.976883014,-0.014575968,-0.213277094
-0.200205088,-0.318388045,-0.220397472,35,22,21,-0.96138909,-0.027517917,0.273813407
-0.225460529,-0.348843336,-0.312132835,35,36,37,-0.434364986,0.671408269,-0.600448162
-0.109072804,-0.319017529,-0.254984379,35,37,38,-0.410713912,0.635349811,-0.653945487
-0.14660418,-0.338001192,-0.333370686,22,39,19,-0.450104416,-0.774205145,0.444985852
0.020033717,-0.339057088,-0.055579424,19,40,24,0.815158627,-0.579147159,-0.010246035
0.077512026,-0.379654944,-0.032147169,41,22,42,-0.94240602,-0.130701971,0.307876416
0.016250134,-0.315642238,-0.116250515,43,42,44,-0.496961577,0.835042416,-0.236079128
0.025658727,-0.331699967,-0.126256943,45,39,46,-0.495835597,-0.822408124,0.278912062
0.028131843,-0.364124984,-0.08095026,47,40,39,0.775491202,-0.629201105,-0.05214753
0.063480854,-0.280995876,-0.125149727,41,45,46,-0.972244346,-0.157603699,0.172921963
0.066264629,-0.300008923,-0.139960289,48,41,43,-0.408611467,0.884704205,-0.224354939
0.149042368,-0.341972798,-0.050446033,45,49,47,-0.475906598,-0.855191945,0.205328147
0.139318109,-0.293001384,-0.098333359,47,50,51,0.791699786,-0.588585926,-0.163640025
0.155257821,-0.31726557,-0.023665667,52,53,45,-0.984469274,-0.103391292,0.141881955
-0.210281849,-0.272755653,-0.251192093,48,54,52,-0.356435663,0.925846796,-0.125544133
-0.206403017,-0.255050033,-0.234200001,55,56,57,0.472715654,-0.746371182,0.468476221
-0.167395949,-0.244866222,-0.251030445,58,59,60,-0.76187552,-0.23899242,0.602020194
-0.168522477,-0.264306933,-0.269210815,60,61,62,-0.735538799,0.153211229,0.659931053
-0.187995553,-0.391457677,-0.348379135,34,18,17,0.443504654,-0.515782972,0.732988095
-0.157386184,-0.352688938,-0.36095953,53,63,64,-0.457808437,-0.85017941,0.260012317
-0.244764328,-0.31573087,-0.357164383,53,64,49,-0.480384829,-0.849343244,0.218738361
-0.235029697,-0.305726439,-0.32311964,49,65,50,0.85862595,-0.511798626,-0.028699217
-0.202453375,-0.29814738,-0.364886761,54,63,53,-0.951187673,-0.104729688,0.290299333
-0.19541347,-0.286176383,-0.337363243,66,54,67,-0.286043737,0.956300828,-0.060561589
-0.239778042,-0.370700121,-0.379229069,63,68,69,-0.537458333,-0.837533806,0.098364954
-0.235390425,-0.362419665,-0.347012997,63,69,64,-0.449941227,-0.841666737,0.298579967
-0.194459677,-0.396624506,-0.382165909,64,70,65,0.883138802,-0.468960004,0.011931964
-0.209169149,-0.31057772,-0.401672363,71,68,63,-0.985007424,-0.132775161,0.110141411
-0.209121704,-0.403879821,-0.446367741,66,72,71,-0.3092167,0.95004831,0.042346692
-0.187351346,-0.366887271,-0.454735279,68,73,74,-0.515178575,-0.85277645,0.085810035
-0.166248202,-0.355310678,-0.394276142,68,74,69,-0.541480764,-0.838886858,0.055384312
-0.246587038,-0.323702097,-0.392226219,74,70,69,0.857639118,-0.512433146,-0.043213593
-0.247842789,-0.381040633,-0.442722797,72,73,68,-0.996068707,-0.087513388,0.013730928
-0.255504131,-0.335140884,-0.451266766,75,72,76,-0.253019768,0.962962286,-0.093191378
0.088665009,-0.164248198,0.224897861,77,78,74,0.84254272,-0.529275885,-0.099944
0.049339771,-0.234516561,0.152628183,75,79,80,-0.35352675,0.91937453,-0.172537853
0.161263347,-0.161438689,0.156118631,33,30,81,0.360897492,0.421447703,-0.831946413
0.042264462,-0.095562197,0.249227047,29,82,26,-0.510396368,-0.821229651,0.255102739
0.045836568,0.017474473,0.298621416,28,83,84,-0.916741467,0.120360283,-0.38091795
0.0038656,0.005515769,0.240758419,28,84,29,-0.995427151,-0.094585399,-0.013356227
0.035055995,0.101765528,0.253176689,31,85,83,-0.556286738,0.59292925,-0.582219864
-0.009170413,0.102062866,0.203814268,31,83,28,-0.62774341,0.579689237,-0.51951766
-0.252990246,-0.383722931,-0.460556507,82,32,26,0.504400857,-0.801512475,0.321181456
-0.209962606,-0.407942057,-0.463987827,86,33,32,0.987504589,0.049924706,-0.149473107
-0.189171195,-0.368985713,-0.471759796,87,31,33,0.253507675,0.777330898,-0.575752147
-0.218070745,-0.325464666,-0.475278854,88,89,90,-0.892633535,-0.090003502,0.441706624
-0.21280241,-0.322723925,-0.456884384,90,89,91,-0.187104036,-0.857055038,0.48005077
-0.254551888,-0.38446629,-0.475418568,90,91,92,-0.261624064,-0.863175044,0.431835261
-0.213406324,-0.411223352,-0.478426933,93,90,1,-0.881239687,-0.45923941,0.111873939
-0.19176662,-0.374266177,-0.487197876,88,94,36,-0.811408229,-0.569580275,0.131129692
-0.260038614,-0.339354753,-0.470105171,95,93,1,-0.689613394,-0.632516847,0.352641184
-0.258751631,-0.338249087,-0.48551321,96,95,1,-0.921891742,-0.062164338,0.382428048
-0.254683495,-0.386922985,-0.500623226,97,1,4,-0.895648683,-0.104356058,0.432346214
-0.216184139,-0.412259161,-0.52127409,98,97,4,-0.74907025,-0.318439414,0.580938982
-0.232907057,-0.335858941,-0.530984879,96,99,100,-0.977349337,-0.04984101,0.205679722
-0.221913576,-0.329140663,-0.491411686,7,98,4,-0.790279933,0.094682325,0.605386558
-0.223814487,-0.414229929,-0.575162411,101,102,7,-0.908658939,-0.135528187,0.394931695
-0.200376749,-0.385273814,-0.530922413,101,103,104,-0.911008955,-0.301507607,0.281346489
-0.26964736,-0.358467937,-0.576177597,105,106,6,-0.746056684,0.398922324,0.533160767
-0.264580011,-0.346387804,-0.522191048,6,107,103,-0.702755399,0.497089269,0.508956883
0.156619906,-0.250299156,-0.069195747,108,37,36,-0.296160606,-0.340456007,-0.892400472
0.084329963,-0.413299114,-0.126813889,108,36,94,-0.486486917,-0.192726296,-0.852166096
0.043661594,-0.358672142,-0.178106308,109,110,111,0.364593041,0.851152873,-0.37763832
0.032072306,-0.394227713,-0.161449432,75,112,110,0.469120041,0.862274069,-0.190813566
0.080559969,-0.344973862,-0.199410915,112,66,113,0.56468719,0.771181459,-0.293951585
0.13751018,-0.388366342,-0.142129898,66,114,113,0.574692298,0.781528639,-0.242779221
0.119870067,-0.35105896,-0.1852808,67,115,114,0.562469246,0.728615607,-0.390829432
-0.200356245,-0.246539682,-0.159817696,48,116,115,0.31524587,0.912037533,-0.262311988
-0.198062181,-0.30897367,-0.167903423,43,117,116,0.311768312,0.801150655,-0.510840628
-0.174519539,-0.284693658,-0.115379333,38,117,44,0.298308347,0.868293693,-0.396330913
-0.124051094,-0.335770369,-0.186898232,118,119,111,0.259724198,-0.363910023,-0.894490266
-0.103975415,-0.313995272,-0.131210327,120,73,80,-0.963373035,-0.103596977,0.247346035
-0.211126566,-0.22442171,-0.156321049,121,74,73,-0.445340481,-0.865036196,0.231050289
-0.219298601,-0.23597753,-0.231151581,121,73,122,-0.685242894,-0.727123985,0.041627956
-0.262901068,-0.192473471,-0.200265408,123,79,119,0.405568415,0.625221878,-0.66679222
-0.24649477,-0.141391188,-0.152412415,123,119,124,0.015587101,0.207614046,-0.978086627
-0.250374079,-0.120064698,-0.145599842,121,124,125,-0.521079326,-0.842210003,0.138414763
-0.290497541,-0.084188215,-0.177670002,122,123,124,-0.932764759,-0.32213981,0.161789515
-0.262025118,-0.12369734,-0.221921921,120,79,123,-0.996253708,-0.022905526,0.083389969
-0.262071371,-0.140250385,-0.226152897,121,125,77,-0.220719866,-0.966228208,0.132987932
-0.246907949,-0.012915865,-0.123652458,121,77,74,-0.34709418,-0.934122701,0.083309119
-0.27440238,-0.030103937,-0.192810059,37,126,127,0.267708281,0.043837866,-0.962502217
-0.278128624,0.046947345,-0.160593033,99,128,129,-0.467424087,0.172953431,-0.86694973
-0.270664692,-0.009842306,-0.197283745,99,129,100,-0.458892828,0.221229186,-0.860508582
-0.165667892,0.058385,-0.013254166,130,16,131,-0.835653942,0.304595017,0.45706057
-0.195059061,0.105122074,-0.089351177,105,14,16,-0.808608077,0.178357853,0.560661622
-0.252946615,0.096809611,-0.174521923,5,13,14,-0.813639982,-0.155952001,0.560061562
-0.181012392,-0.215984225,-0.257530212,130,132,106,-0.151171412,0.987803399,0.037304822
-0.245142698,-0.357410967,-0.586014271,132,107,106,-0.165712298,0.986037868,0.01639384
-0.201104403,-0.354456425,-0.536838055,131,133,130,-0.219049088,0.972507454,-0.079036371
-0.227198601,-0.369571269,-0.596097946,134,135,102,-0.597359651,-0.015338662,-0.801826773
-0.199246407,-0.345438242,-0.491517544,134,102,104,-0.556447067,-0.079955755,-0.827027049
-0.19526875,-0.342544079,-0.47628355,91,136,92,0.567782285,-0.815234752,0.114085829
-0.195178986,-0.336934865,-0.458014488,127,136,137,0.757219477,0.346483811,-0.553685499
-0.177329063,-0.322844148,-0.406056404,126,138,127,0.59109404,0.232753708,-0.772291103
-0.171986461,-0.315188825,-0.373018742,126,128,139,0.204327444,0.202299609,-0.957770935
-0.164374352,-0.300427854,-0.345223427,21,36,35,-0.964949745,-0.037832969,0.259693387
-0.221815825,-0.387069345,-0.587416172,21,20,91,-0.41038364,-0.720391728,0.559125233
-0.255571842,-0.389139235,-0.596375465,21,91,89,-0.293605692,-0.938760647,0.18034452
-0.266162634,-0.366314769,-0.536701202,91,23,137,0.656544499,-0.753178218,-0.040888785
-0.236514568,-0.406164825,-0.537643433,118,110,78,0.934443612,-0.045728535,-0.353162906
-0.255239487,-0.387904584,-0.526921272,110,70,78,0.981700153,-0.013286393,-0.189969159
-0.270717621,-0.376772285,-0.593991756,112,65,70,0.949429448,0.211580471,-0.231985835
-0.263730049,-0.399356723,-0.598674297,113,50,65,0.970920281,0.201884704,-0.128671578
-0.24013567,-0.412619621,-0.5905509,50,115,51,0.916535523,0.18395501,-0.355138267
-0.166487932,-0.165054142,-0.247142792,51,116,40,0.923909663,0.273757769,-0.267296875
-0.115026236,-0.263063252,-0.237293243,116,24,40,0.873219419,0.196581121,-0.44591895
-0.213388443,-0.100819632,-0.243580818,140,24,117,0.851449536,0.258800378,-0.456131618
-0.208690405,-0.129140988,-0.251763821,109,111,119,-0.248934861,0.373624257,-0.893552656
-0.143787861,0.110632882,-0.027505398,109,119,79,-0.356987249,0.393932869,-0.846981109
-0.093144059,0.128592387,0.053119183,125,119,77,0.674091426,0.272885414,-0.686392235
-0.162361622,0.111003444,-0.112584591,35,38,44,-0.274275912,0.941875781,-0.194017364
-0.110298276,0.116686389,-0.045835972,35,44,42,-0.493502451,0.842405629,-0.216351766
-0.219692469,0.020811409,-0.234542847,23,127,137,0.71282542,0.279251868,-0.643349294
-0.225948572,-0.020706877,-0.22908783,140,37,127,0.399166384,0.736116726,-0.546624518
-0.057517529,-0.287629515,-0.174017429,141,142,143,-0.577192912,-0.761065056,0.296020816
-0.086765766,-0.301331073,-0.2225914,144,143,145,0.546803102,-0.836337347,-0.039321872
-0.057730198,-0.21713838,-0.179599285,146,147,142,-0.966977831,-0.023718452,0.253754429
-0.191324472,-0.052278765,-0.228621006,148,100,129,-0.285654717,0.939762228,-0.187745406
-0.131412029,-0.280046582,-0.272129536,148,129,149,-0.277544319,0.931955735,-0.233297362
-0.225048304,-0.234705299,-0.267215729,150,143,142,-0.57049307,-0.758370428,0.315296608
-0.297794819,-0.218237832,-0.366722107,143,151,145,0.521953268,-0.843929308,-0.123887486
-0.257237911,-0.252610296,-0.376013756,152,142,147,-0.971007467,-0.026886912,0.2375323
-0.193510771,-0.215247571,-0.28450346,153,147,154,-0.212734025,0.965502422,-0.150164272
-0.210509539,-0.221281126,-0.392557621,155,156,150,-0.649765907,-0.757074549,0.068135111
-0.268187284,-0.201015487,-0.252287388,157,151,156,0.636888323,-0.767387854,-0.074088767
-0.301258087,-0.169559404,-0.375369549,152,155,150,-0.995905119,-0.051342178,0.074410854
-0.266736031,-0.148197085,-0.258832932,153,158,152,-0.190637855,0.981603619,0.010561433
-0.223192453,-0.139355004,-0.275313377,159,157,155,-0.649929061,-0.759994393,-0.000859142
-0.305570841,-0.225446403,-0.398130417,160,161,157,0.64316274,-0.764788923,0.03794197
-0.229744673,-0.228575379,-0.42390871,158,159,155,-0.998483558,-0.040343969,-0.037455943
-0.308710337,-0.176920146,-0.406666756,162,163,158,-0.165997228,0.98030091,-0.107028246
-0.255985022,-0.166536137,-0.420068264,159,164,160,-0.645302345,-0.739627594,0.191143677
-0.248402834,-0.160037771,-0.389027596,160,165,166,0.664886397,-0.674094778,-0.32174883
-0.30789566,-0.226304695,-0.429837704,163,167,159,-0.958559013,0.086596991,0.271414038
-0.266195297,-0.260242045,-0.409255505,168,163,169,-0.075484082,0.996913366,-0.02158457
-0.26906395,-0.259499341,-0.441607952,167,170,164,-0.624680468,-0.738581107,0.253519746
-0.309450626,-0.176685572,-0.441831112,164,171,165,0.763278387,-0.646060432,0.003467313
-0.305626392,-0.228179216,-0.488311768,172,173,167,-0.993154635,0.074690703,0.089806295
-0.268648624,-0.261710823,-0.493224621,168,174,172,-0.102197551,0.991489938,0.080643433
-0.232653856,-0.229567677,-0.455476761,175,170,173,-0.710439055,-0.699404544,-0.078164137
-0.258682966,-0.169420749,-0.45402956,176,171,170,0.738756444,-0.67380641,0.014961238
-0.30319643,-0.181394011,-0.49465704,174,175,173,-0.985003676,0.102091198,-0.139086827
-0.273807764,-0.261621147,-0.510294914,177,178,174,-0.049794774,0.990931937,-0.124797343
-0.245065689,-0.227693588,-0.515760422,179,180,176,0.746961573,-0.626346137,-0.223022253
-0.239352703,-0.229884103,-0.49936533,181,182,178,-0.162450562,0.981534443,-0.100994812
-0.310802698,-0.228973716,-0.50633955,183,184,185,0.585298732,0.761940223,-0.277258888
-0.264008045,-0.178922355,-0.517547131,181,186,184,0.64149437,0.751697419,-0.15308809
-0.258714437,-0.178118974,-0.498954296,186,168,187,0.721695688,0.64535258,-0.250350519
-0.277525902,-0.263501406,-0.524934292,187,169,188,0.715463078,0.653304257,-0.247600751
-0.248355389,-0.231664553,-0.531486511,169,189,188,0.733802493,0.659812425,-0.161806877
-0.308073997,-0.183772773,-0.513756275,162,190,189,0.723907584,0.686035156,-0.07289427
-0.312134504,-0.228758931,-0.521246433,153,191,190,0.548255843,0.685804027,-0.478631766
-0.306218624,-0.182336181,-0.529067516,154,192,191,0.515035316,0.831247473,-0.209203877
-0.308400869,-0.229532942,-0.54825592,193,194,185,0.134347009,-0.406300907,-0.90380886
-0.275157928,-0.261865377,-0.568178654,195,178,196,-0.911956151,-0.066601483,0.404845922
-0.268159151,-0.181033149,-0.533906937,197,175,195,-0.819568146,-0.572962071,0.00474544
-0.309172869,-0.187542081,-0.569225311,198,182,194,0.7846131,0.26450065,-0.560733171
-0.287420034,-0.256618649,-0.623982906,198,194,199,0.726917364,0.234803584,-0.645335899
-0.259207249,-0.238903344,-0.579243183,200,195,199,-0.777561636,-0.616175447,0.125402237
-0.28105092,-0.183922127,-0.579278469,195,198,199,-0.987013399,-0.083433566,0.137271229
-0.313977003,-0.194153547,-0.625752449,196,182,198,-0.959918842,0.274801662,0.055134948
-0.29095602,-0.197101519,-0.632243633,197,179,176,-0.543495299,-0.838430017,0.040595152
-0.253491163,-0.208501339,-0.58448267,146,100,148,-0.990455248,0.04342538,0.130815284
-0.275517941,-0.212509453,-0.641996384,146,94,95,-0.623796507,-0.758650034,0.187957558
-0.249459267,-0.201756358,-0.534468174,94,141,144,0.478880899,-0.871324149,-0.107085535
-0.245321274,-0.200400174,-0.519043446,94,144,108,0.350190463,-0.917755063,-0.187329345
-0.240584373,-0.198846906,-0.50125742,193,184,180,0.930820941,-0.224686983,-0.288250126
-0.241768599,-0.188278645,-0.463532925,184,171,180,0.959356662,-0.212396344,-0.185802554
-0.238523722,-0.188267648,-0.431204796,186,165,171,0.97791638,0.015314143,-0.208434717
-0.220353842,-0.179706246,-0.398124695,165,188,166,0.94489305,0.017567904,-0.326907467
-0.18875885,-0.168605775,-0.276235104,188,161,166,0.988073893,0.03000338,-0.151029065
-0.274076939,-0.230852187,-0.633536339,161,190,151,0.976047183,0.19519154,-0.096084127
-0.312382221,-0.229113653,-0.640011787,151,191,145,0.832481784,0.124836591,-0.539805432
-0.308904409,-0.229037881,-0.575447083,191,144,145,0.964709987,0.206562168,-0.163299452
-0.314904451,-0.205549821,-0.585098743,183,194,182,-0.209968825,0.361021694,-0.908612365
-0.293913603,-0.250567794,-0.585948944,200,194,179,0.742934169,0.3373248,-0.578152921
-0.319636583,-0.210762456,-0.641506195,148,149,154,-0.241510147,0.962753563,-0.121566548
-0.318809748,-0.231314659,-0.648052692,148,154,147,-0.205342203,0.971637593,-0.117281572
-0.303849459,-0.248644456,-0.640442371,108,192,126,0.7957917,-0.105320764,-0.596341435
-0.275260925,-0.120789051,-0.246329308,192,129,126,0.584761229,0.619831211,-0.523319764
-0.311538219,-0.081245437,-0.341412544,201,202,203,-0.856230565,-0.503062108,0.117463759
-0.288942575,-0.121524818,-0.349210262,204,205,201,0.414036959,-0.906736016,-0.080019958
-0.239857435,-0.094736442,-0.35835743,204,201,203,0.470201944,-0.880765693,-0.05623101
-0.226172209,-0.096909188,-0.262927532,206,202,207,-0.978056095,0.168809684,0.122104735
-0.289270163,-0.037001848,-0.224212646,206,102,135,-0.254741704,0.962730633,-0.090864688
-0.297843695,-0.084015913,-0.227889538,206,135,208,-0.258731068,0.902064625,-0.345452813
-0.239505053,-0.029803157,-0.242687225,209,203,202,-0.811906833,-0.510337575,0.283483428
-0.320639133,-0.084635302,-0.373580456,203,210,204,0.463056232,-0.881147772,-0.095694983
-0.248684168,-0.096267201,-0.386973858,211,209,202,-0.962598685,0.035461995,0.26860048
-0.311665058,-0.036645353,-0.347755432,212,211,213,-0.107599079,0.990070502,-0.090459051
-0.273485661,-0.035987705,-0.385971069,209,214,215,-0.778604188,-0.607812568,0.156010899
-0.265341043,-0.032336548,-0.355697155,215,216,210,0.481741434,-0.867793489,-0.12190017
-0.298338413,-0.122270338,-0.408908844,217,218,209,-0.960206298,0.104018954,0.259198614
-0.292232275,-0.121864051,-0.376852036,219,217,212,-0.053685589,0.9876932,-0.146901328
-0.257691145,-0.097062685,-0.41690588,218,220,214,-0.744999384,-0.664596588,0.057334913
-0.317291498,-0.037495077,-0.380096912,214,221,216,0.487055022,-0.849590906,-0.20241714
-0.32907486,-0.087368943,-0.40373373,222,223,218,-0.992972073,0.116341546,0.021704995
-0.282666922,-0.041512907,-0.419764519,224,222,219,0.015358172,0.999285767,-0.034526558
-0.303879261,-0.121141002,-0.467814922,223,225,220,-0.782160131,-0.61569166,-0.095652019
-0.268881083,-0.092253692,-0.464015484,220,226,221,0.639318681,-0.766488231,-0.061379286
-0.323833466,-0.04068689,-0.414169312,227,228,223,-0.993067775,0.116225509,0.017550661
-0.330486774,-0.086717173,-0.471820354,229,227,224,0.037376947,0.995173816,0.090730586
-0.283427954,-0.043113336,-0.466423512,228,230,225,-0.75439572,-0.648537273,-0.101422396
-0.3023808,-0.120500259,-0.484192371,225,231,226,0.655428007,-0.753092167,0.057151684
-0.269263029,-0.091326617,-0.479570866,232,233,228,-0.978865623,0.116389993,-0.168153088
-0.325155973,-0.040878788,-0.473742962,229,234,232,-0.021331515,0.999708574,0.011301927
-0.330788612,-0.086653233,-0.489322662,235,230,233,-0.748527685,-0.631075326,-0.203593314
-0.284238815,-0.041497141,-0.483816624,236,231,230,0.661745187,-0.746311699,0.071499346
-0.300443888,-0.12049219,-0.498651028,234,235,233,-0.963510949,0.183291632,-0.195066216
-0.269242764,-0.092491783,-0.495156765,237,234,238,0.057791987,0.997616677,0.037696833
-0.325017929,-0.042272538,-0.49219656,239,240,236,0.674817539,-0.734409895,-0.072549265
-0.328365326,-0.085982427,-0.502964973,237,241,242,-0.047464084,0.9962106,-0.07288073
-0.319168806,-0.041979879,-0.507043839,243,244,245,0.692599431,0.702800007,-0.162413603
-0.322944403,-0.084287673,-0.528148651,244,238,246,0.779633246,0.617797456,0.102461234
-0.290379047,-0.115515403,-0.539855957,246,229,247,0.810104396,0.585747867,-0.025105863
-0.28460288,-0.042674795,-0.541645527,247,224,248,0.793823229,0.607665819,-0.024226721
-0.283559799,-0.044298857,-0.500265121,248,219,249,0.649813818,0.745341173,-0.149025292
-0.289390087,-0.109648257,-0.590049744,219,250,249,0.627385687,0.73810286,-0.248176082
-0.26813221,-0.09503983,-0.54019928,250,213,251,0.691439048,0.685517935,-0.227985097
-0.310074568,-0.04773809,-0.594267368,213,252,251,0.708416342,0.690795688,-0.144732871
-0.316414833,-0.044352502,-0.543860435,253,254,245,0.431886917,-0.351833005,-0.830474098
-0.288163185,-0.051784493,-0.594369411,255,242,256,-0.987307222,-0.020603326,0.157480004
-0.26012969,-0.067096956,-0.541083336,257,235,255,-0.826516786,-0.508529097,-0.241387986
-0.272121429,-0.068825282,-0.599699974,258,254,259,0.495056306,0.304206518,-0.813865867
-0.267889023,-0.064662434,-0.496721268,260,255,259,-0.831986302,-0.548818083,-0.081225023
-0.267853022,-0.064072378,-0.481792927,255,258,259,-0.993049073,-0.06144234,-0.100391123
-0.267843246,-0.063399315,-0.464590549,256,241,258,-0.940743284,0.311491071,-0.13407232
-0.25920558,-0.062718868,-0.423523426,257,239,236,-0.640527206,-0.761185481,-0.10159509
-0.249623775,-0.060157545,-0.391683102,206,98,102,-0.873038345,0.353767578,0.335637526
-0.238785028,-0.060332723,-0.359337807,207,99,98,-0.746003607,-0.657310623,0.106870777
-0.216097116,-0.060781628,-0.250431061,99,201,205,0.337654443,-0.895542712,-0.289814991
-0.273823738,-0.086313389,-0.593176365,99,205,128,0.263556299,-0.896783178,-0.355412448
-0.300786257,-0.078827322,-0.610369682,253,244,240,0.949579952,-0.276618034,-0.14758177
-0.317002296,-0.082377642,-0.552518368,240,246,231,0.998520479,-0.047038754,0.027280173
-0.318808556,-0.05974593,-0.560881615,231,247,226,0.99867276,-0.051248449,0.005129743
-0.302344799,-0.102800228,-0.559681892,226,248,221,0.998978185,-0.03646348,-0.026702057
-0.312354088,-0.061850704,-0.611060619,221,249,216,0.972890576,-0.001659516,-0.231259967
-0.310391426,-0.082755461,-0.61768055,216,250,210,0.957601193,-0.01261846,-0.287820656
-0.299767971,-0.10023924,-0.608362675,210,251,204,0.955453224,-0.03812267,-0.29267012
-0.274126291,0.009127572,-0.229221821,251,205,204,0.989158366,-0.034898172,-0.142645874
-0.301357269,0.058258951,-0.266206741,243,254,241,0.084200736,0.477998001,-0.874315817
-0.281554461,0.022243053,-0.281396389,260,254,239,0.868878571,-0.005076639,-0.494999249
-0.2310009,0.037007272,-0.253048897,208,211,206,-0.133279289,0.990710161,0.027018651
-0.241043329,0.045246601,-0.288359642,128,252,139,0.67401713,-0.08004628,-0.734366054
-0.284089565,0.04929474,-0.211773396,252,135,139,0.467828911,0.502303782,-0.727204937
-0.296420336,0.103748575,-0.258126259,261,262,263,-0.875685635,-0.48287042,0.003290176
-0.275011539,0.095795467,-0.205603123,264,263,265,0.426008746,-0.84671645,-0.318728415
-0.223022223,0.097539797,-0.205426693,266,267,262,-0.949770279,0.048149268,0.309221709
-0.24255085,0.098114207,-0.232997894,268,269,270,-0.033650713,0.998436413,0.044635852
-0.309120417,0.062166259,-0.287595749,271,263,262,-0.820519625,-0.535493831,0.199984755
-0.285710573,0.029476017,-0.305569649,272,265,263,0.423888916,-0.845107774,-0.325746892
-0.304676771,0.107735619,-0.280909538,273,262,267,-0.937141496,0.040132997,0.346634042
-0.274281263,0.112593606,-0.287103653,274,267,275,-0.054082635,0.965825539,0.253487863
-0.262470484,0.1078365,-0.266458511,276,272,271,-0.744701764,-0.639067396,0.19238541
-0.31791091,0.065030858,-0.312107086,277,278,272,0.448685176,-0.838083959,-0.310317403
-0.293709278,0.034554705,-0.330851078,279,271,273,-0.973626706,0.062758445,0.219345424
-0.246141911,0.053677991,-0.313720703,274,279,273,-0.128346215,0.981772329,0.140179679
-0.309925795,0.110488608,-0.30499649,280,277,276,-0.78925489,-0.613698338,-0.021238361
-0.325747252,0.077407286,-0.378520966,281,282,277,0.56186718,-0.791488033,-0.240524355
-0.297454357,0.049157262,-0.38765192,283,276,279,-0.966416764,0.135616907,0.218281225
-0.257913113,0.062438175,-0.338986397,284,279,285,-0.025559893,0.987185124,0.157518962
-0.323156118,0.119054988,-0.368894577,286,281,280,-0.708143515,-0.705998244,-0.009961994
-0.284670591,0.121012375,-0.366851807,281,287,288,0.636512181,-0.732014813,-0.242912653
-0.273248911,0.112774,-0.313367844,289,280,283,-0.993800431,0.037650524,0.10460947
-0.328094959,0.080019906,-0.396789551,290,283,284,-0.058247114,0.986672484,0.151936443
-0.268833399,0.076936379,-0.39636755,291,292,286,-0.668367909,-0.723936153,-0.170882368
-0.267442942,0.073176876,-0.381394863,292,293,287,0.683236824,-0.676979073,-0.273654486
-0.325154066,0.120608494,-0.38843441,294,286,289,-0.936514062,0.134510855,-0.323802781
-0.287062407,0.123757467,-0.385595322,290,294,289,-0.092289073,0.985014614,0.145701536
-0.327216625,0.082291439,-0.409848213,295,296,291,-0.699856751,-0.664411061,-0.262218364
-0.296349525,0.052640632,-0.404963493,297,293,296,0.701965082,-0.704843957,-0.102176418
-0.271695852,0.080044731,-0.411203861,294,295,291,-0.982753455,0.170465657,-0.071673612
-0.320949316,0.122674361,-0.399737358,298,294,299,-0.104610797,0.986666787,0.124680524
-0.324779987,0.087768987,-0.430230618,300,301,297,0.682453352,-0.681264889,-0.264831216
-0.298070669,0.054736733,-0.417819977,298,302,303,-0.128021805,0.990633262,0.047499026
-0.293951035,0.063349664,-0.448932171,304,305,306,0.58164693,0.806470534,-0.106264417
-0.293630838,0.130673602,-0.44011879,298,307,305,0.656746456,0.744763377,0.118370622
-0.288983107,0.126092061,-0.399962902,299,308,307,0.766297075,0.642268722,0.016723695
-0.298904181,0.075814232,-0.493760586,290,309,308,0.771528842,0.635982388,0.016420944
-0.274369955,0.082641259,-0.448099613,284,310,309,0.745934001,0.657491594,-0.106241566
-0.321479082,0.129275844,-0.486025333,285,311,310,0.672773881,0.730692325,-0.116034611
-0.322999477,0.126832888,-0.439173222,274,312,311,0.674366418,0.737199729,0.042029671
-0.301072359,0.127370402,-0.488945961,270,312,275,0.697267384,0.683318679,-0.216549712
-0.269455194,0.110254958,-0.445780754,313,314,306,0.343848603,-0.144418932,-0.927853065
-0.286693811,0.11579062,-0.49812603,315,303,316,-0.959705187,-0.131392625,0.248398737
-0.272595406,0.106696054,-0.405966282,317,295,315,-0.811872156,-0.536300571,-0.230749428
-0.27059865,0.10396485,-0.392568588,318,314,319,0.349238567,0.50177369,-0.79136312
-0.268325567,0.100808576,-0.37712574,320,315,319,-0.794947088,-0.601413139,-0.079758157
-0.25513649,0.093217775,-0.33150053,315,318,319,-0.995354472,-0.096278111,-2.83E-05
-0.247640133,0.089581743,-0.310933113,316,302,318,-0.962903521,0.269599731,-0.011523645
-0.239491701,0.080323532,-0.279285908,317,300,297,-0.587885855,-0.793806268,-0.155762094
-0.284206629,0.096116409,-0.494142056,268,103,107,-0.714650646,0.498104746,0.491086669
-0.313470602,0.105671063,-0.506474018,266,104,103,-0.975065372,-0.195726433,0.104588165
-0.32190156,0.093109235,-0.452769756,104,261,264,0.246643324,-0.821242997,-0.514516287
-0.325901508,0.114730433,-0.456787109,104,264,134,-0.020098766,-0.758417331,-0.651459278
-0.30779624,0.076536402,-0.463880062,313,305,301,0.957094872,-0.149501103,-0.248231397
-0.324339151,0.118324682,-0.503247261,305,293,301,0.982309257,-0.167863419,-0.083008415
-0.32278204,0.10222955,-0.512765408,293,308,287,0.981344925,0.088109821,-0.170876557
-0.310916901,0.085912779,-0.50798893,287,309,288,0.995699446,0.044370064,-0.081325952
-0.215084791,0.071879387,-0.250678539,288,310,282,0.973352952,-0.032601843,-0.226982711
-0.183432102,0.072841763,-0.228158474,282,311,278,0.913252296,0.069278635,-0.401460727
-0.082702994,-0.145348087,-0.172280312,278,312,265,0.980808259,0.007017526,-0.194848439
-0.113168478,-0.043726325,-0.166413784,312,264,265,0.963133953,0.026644549,-0.267699564
-0.140365839,0.078553781,-0.151195049,304,314,302,-0.049042596,0.644424636,-0.763093515
-0.000287175,-0.220920905,-0.11703968,320,314,300,0.804980373,0.148091283,-0.574522038
0.050683737,-0.242508084,-0.12592411,270,267,268,0.041523741,0.990243359,0.133018303
-0.026149511,-0.276076257,-0.135242462,134,321,322,0.559835976,-0.295149367,-0.774254823
-0.080962539,0.083623454,-0.081117153,321,269,322,0.283458553,0.854683137,-0.43493446
0.098035693,-0.17782554,-0.100427151,134,139,135,-0.092445226,-0.116004846,-0.988937185
0.005606294,-0.145866677,-0.086794376,139,323,126,0.609474454,0.257379458,-0.749864458
0.101917982,-0.03359136,0.025305033,322,324,139,0.624782852,-0.036526929,-0.779943698
0.022029519,-0.006448597,-0.034620762,325,269,132,0.450909785,0.793029528,-0.409615105
0.081792951,0.022040904,0.032373428,326,327,9,-0.1964704,-0.061145572,-0.978601349
0.178628325,-0.12541531,0.04245019,326,9,328,0.654352774,-0.057997737,-0.753962008
0.149521351,-0.252264172,0.058423281,329,324,325,0.731428206,0.242027975,-0.637522736
0.176178217,-0.187269449,-0.024575949,132,329,325,0.431619861,0.796466165,-0.423492555
0.123289227,-0.115997463,-0.063297749,327,81,30,0.475398623,0.140595438,-0.868463628
0.052014947,-0.075251721,-0.041722298,330,326,331,-0.007364652,0.374259015,-0.927294965
0.075848222,0.130974934,0.200203657,332,333,334,0.635682556,0.319258462,-0.702838333
0.026643038,0.124069467,0.159123898,335,336,337,0.967365177,-0.202853504,0.151838961
0.281451464,0.137133077,0.321902037,338,331,339,0.038580828,0.519484983,-0.853608149
0.216180325,0.190949336,0.359415293,62,340,341,-0.306637398,0.928081039,0.21127965
0.151949406,0.16057764,0.424175978,342,340,343,0.309586603,0.767125893,-0.561848734
0.093111277,-0.079542086,0.30933547,59,344,61,-0.839795245,0.170487155,0.515439693
0.135993361,0.073428154,0.450916052,345,346,59,-0.763957473,-0.309752093,0.566058849
0.236316442,-0.114080086,0.414514542,345,347,348,-0.498797874,-0.751101244,0.432490003
0.176273346,-0.052478865,0.452248096,349,350,347,0.342764209,-0.936418137,-0.075058441
0.146589875,-0.135523796,0.272294998,351,350,352,0.770997948,-0.23575476,-0.591592645
0.3240242,-0.076726355,0.349023819,351,342,353,0.55868196,0.386798346,-0.733663074
0.196734309,-0.035145953,0.16656208,323,326,138,0.709306564,0.311218289,-0.632477173
0.202363253,-0.12210118,0.208550453,323,354,331,0.67428698,0.249503708,-0.695043141
0.338676572,0.036097512,0.312211275,328,138,326,0.727833496,-0.118359892,-0.675462315
-0.042928338,-0.040659368,-0.096112728,11,3,2,-0.736364518,-0.372411075,0.564869267
-0.006805897,-0.272238374,0.072499275,11,8,355,-0.565926336,-0.740472425,0.362529959
0.089451671,-0.430844545,-0.148967743,2,92,8,-0.300341576,-0.872500564,0.385405895
0.121581674,-0.368383765,-0.201262951,349,57,352,0.485518168,-0.838223546,0.248301018
0.041001558,-0.380123079,-0.209124565,356,86,82,0.473362471,-0.633989468,0.611543396
0.031574607,-0.413846433,-0.176902771,86,357,87,0.952398899,0.252150808,-0.171336826
0.092360616,-0.44059962,-0.171545029,84,356,82,-0.549496465,-0.712126986,0.436953992
0.143515348,-0.405670077,-0.159553528,83,358,359,-0.975171826,0.212252438,-0.063157043
0.145531893,-0.416775525,-0.176719189,83,359,84,-0.952169781,0.203621105,-0.227840194
0.048644423,-0.389627695,-0.22923851,360,361,356,0.450011903,-0.797205419,0.402433607
0.033548713,-0.424489766,-0.195204258,362,357,361,0.913780975,0.381511605,-0.139474819
0.093742251,-0.453973889,-0.198702335,359,360,356,-0.405254664,-0.857074875,0.318105825
0.148422241,-0.445920408,-0.223381042,358,363,364,-0.927741299,0.039397772,-0.371138649
0.128104687,-0.383031547,-0.220391273,358,364,359,-0.979128002,0.111072589,-0.170209387
0.059970975,-0.433217406,-0.264715195,365,362,360,0.404751664,-0.812013736,0.420487555
0.045233369,-0.464353859,-0.233406544,366,367,362,0.940878502,0.310417125,-0.135605503
0.145703316,-0.487899184,-0.268070221,364,365,360,-0.386297328,-0.83511086,0.391617448
0.133365512,-0.420208156,-0.258571148,363,368,369,-0.925677494,0.063060906,-0.373020776
0.072369099,-0.487179041,-0.290680885,363,369,364,-0.934410096,0.062215841,-0.350723483
0.065830231,-0.502939165,-0.277775764,370,371,366,0.945019701,0.207691407,-0.252590664
0.097048044,-0.423017263,-0.290697575,368,372,373,-0.895871521,0.007930361,-0.444242419
0.104547739,-0.491318464,-0.302965641,368,373,369,-0.905976102,0.003161365,-0.423317032
0.087807655,-0.379275471,-0.24686861,372,368,374,-0.600168441,0.230647319,-0.765897941
0.083806276,-0.363442987,-0.222284317,372,374,375,-0.338971743,0.13013846,-0.931752187
0.134679317,-0.479791343,-0.291227341,374,368,363,-0.596592325,0.407625809,-0.691316713
0.104536295,-0.512513697,-0.279604912,374,363,376,-0.456954302,0.579568176,-0.674754396
0.065948486,-0.482049525,-0.233794689,376,363,358,-0.427886274,0.743503693,-0.513921779
0.131314874,-0.469923079,-0.231091499,376,358,377,-0.444460323,0.718463605,-0.535037447
0.100293875,-0.475539923,-0.223407745,377,358,83,-0.442892599,0.754735854,-0.483962743
0.080006123,-0.521176636,-0.275633335,377,83,85,-0.554132494,0.607464975,-0.569142762
0.109539747,-0.527395368,-0.271254063,378,379,375,0.478602795,-0.650386119,-0.589862069
0.135682225,-0.512830079,-0.268054962,380,365,369,-0.424173873,-0.512921704,0.746316188
0.018860698,-0.19137083,0.17844224,381,365,382,0.289834005,-0.681614723,0.671861309
0.033319712,0.109804705,0.083448172,383,373,379,-0.092409863,-0.186725909,-0.97805616
0.101186156,0.047158316,0.106129885,383,379,384,0.028390428,-0.481893016,-0.875770007
-0.028573513,0.130956069,0.120984077,385,382,384,0.260899585,-0.629101389,0.732231417
0.15329349,-0.089520752,0.000526428,382,383,384,-0.245662469,-0.680641106,0.690201156
-0.051795721,0.129898354,0.027194977,380,369,373,-0.606530525,-0.717535423,0.34243779
0.034032941,0.0696408,0.025915861,380,373,383,-0.77483585,-0.570215127,0.272917778
-0.023270726,0.093111172,-0.022955656,381,370,366,0.603528507,-0.599149753,0.526092117
0.159727097,-0.053423211,0.091616154,378,374,371,0.590404602,0.397887337,-0.702216543
0.156629562,-0.199898824,0.10992837,371,376,367,0.450290584,0.669930569,-0.5902808
0.086015224,-0.249825209,0.11225605,367,377,357,0.371633204,0.7939216,-0.481224744
-0.047046065,0.089844242,0.158579588,357,85,87,0.343357719,0.654931016,-0.67317965
0.145661235,0.074676171,0.161610126,372,375,379,-0.331881451,-0.698541946,-0.633950985
,,,372,379,373,-0.180427576,-0.577254585,-0.796381211
,,,385,379,370,0.343108986,-0.138482882,-0.929031062
,,,58,349,345,-0.402634344,-0.740585317,0.53797674
,,,355,386,11,-0.485324419,-0.63431085,0.601755726
,,,57,351,352,0.837281297,-0.192853273,-0.511632334
,,,387,341,388,0.68977662,0.720138886,-0.074887905
,,,62,15,60,-0.719249166,0.161456613,0.675731012
,,,15,58,60,-0.643378503,-0.182116616,0.743570871
,,,58,386,55,-0.332626974,-0.506481374,0.795509845
,,,16,389,131,-0.686065928,0.344585552,0.640760752
,,,9,327,30,-0.180159815,-0.079628855,-0.980408938
,,,9,30,27,-0.19227832,0.010065893,-0.981288808
,,,92,328,8,0.429471966,-0.894593123,-0.123519128
,,,339,390,338,0.317739132,0.813620038,-0.48689247
,,,10,355,8,-0.1939733,-0.943838609,0.267475305
,,,391,392,393,0.551151137,0.79069703,-0.266515725
,,,394,390,332,0.619530824,0.713792167,-0.326622564
,,,18,56,355,-0.115425052,-0.865101313,0.488136021
,,,391,389,387,0.278675217,0.957064852,-0.07979344
,,,339,354,333,0.556166345,0.321486856,-0.766371449
,,,333,329,393,0.629873254,0.366811003,-0.684623525
,,,393,133,391,0.338919534,0.840117217,-0.423481537
,,,330,337,81,0.687920394,0.264890418,-0.675720798
,,,390,337,338,0.800440135,0.317898052,-0.508169674
,,,336,81,337,0.943991719,-0.326535296,0.047479836
,,,335,57,395,0.973419151,-0.214308445,0.080790135
,,,396,336,395,0.477788036,-0.648121323,0.593007035
,,,395,56,396,0.454874505,-0.613253551,0.645762547
,,,397,341,389,-0.335869881,0.713367618,0.615059399
,,,388,332,334,0.865978055,0.35767458,-0.349500934
,,,351,388,398,0.674885324,0.28313043,-0.681444759
,,,388,392,387,0.688983337,0.59826893,-0.409116424
,,,392,333,393,0.685140207,0.384247634,-0.618818755
,,,388,340,398,0.277777909,0.753201591,-0.596260679
,,,61,343,340,-0.487317761,0.867142879,0.102881615
,,,6,101,7,-0.725700496,-0.144831475,0.67259396
,,,8,328,9,-0.14195481,-0.910842488,-0.387575534
,,,11,386,12,-0.60667407,-0.463967195,0.645508338
,,,12,15,14,-0.806384944,-0.171541572,0.565965379
,,,10,25,17,-0.586443762,-0.719477203,0.372070247
,,,9,27,25,-0.830385816,-0.535257135,-0.154787582
,,,25,29,26,-0.631068168,-0.643019696,0.433910863
,,,32,34,17,0.496709758,-0.692310829,0.523435892
,,,55,386,56,-0.251982511,-0.621709312,0.741607946
,,,34,336,18,0.271173285,-0.745291504,0.60910231
,,,29,84,82,-0.489337533,-0.824436986,0.284345624
,,,82,86,32,0.478251941,-0.806380863,0.347886454
,,,5,3,13,-0.800165945,-0.113553204,0.588931346
,,,91,137,136,0.597959561,-0.789678255,-0.137304831
,,,91,20,23,0.624835656,-0.778873664,-0.054186878
,,,335,395,336,0.97357569,-0.213042872,0.082238129
,,,11,13,3,-0.734623317,-0.323720028,0.596266656
,,,11,2,8,-0.265640459,-0.854507032,0.446377507
,,,2,90,92,-0.275499187,-0.876526033,0.394718015
,,,349,55,57,0.265108979,-0.933433474,0.241700597
,,,356,361,86,0.406561753,-0.574345368,0.710517374
,,,84,359,356,-0.489677462,-0.531814508,0.690933653
,,,360,362,361,0.388763712,-0.752064336,0.532223648
,,,359,364,360,-0.395221208,-0.811956039,0.429566744
,,,365,366,362,0.346898373,-0.785678869,0.512220884
,,,364,369,365,-0.307529367,-0.703814005,0.640368281
,,,380,382,365,-0.052331424,-0.759151703,0.648806685
,,,381,366,365,0.412249141,-0.531520281,0.739957321
,,,58,55,349,-0.369913747,-0.522099432,0.768489429
,,,355,56,386,-0.425457199,-0.666692978,0.611969481
,,,15,12,58,-0.624675077,-0.144784701,0.767345058
,,,58,12,386,-0.518050118,-0.422797929,0.743549586
,,,92,136,328,0.433025403,-0.897564054,-0.08287201
,,,10,18,355,-0.168203584,-0.94891152,0.26697281
,,,18,396,56,0.172492003,-0.858825217,0.482354388
,,,336,34,81,0.998286303,0.017632581,0.055799195
,,,335,394,57,0.973793308,0.126655867,0.188904431
,,,396,18,336,0.299164597,-0.869814596,0.392330361
,,,395,57,56,0.446085834,-0.709280463,0.54582841
,,,1,90,2,-0.755815283,-0.402787838,0.516241431
,,,3,5,4,-0.843093106,-0.109172399,0.526569465
,,,5,105,6,-0.786196297,0.115349269,0.607116076
,,,15,397,16,-0.84188055,0.159282668,0.515622121
,,,35,42,22,-0.923005506,-0.110963902,0.368439749
,,,22,46,39,-0.461853272,-0.774184013,0.432817132
,,,41,46,22,-0.941429401,-0.12054062,0.314929581
,,,43,41,42,-0.402657525,0.902942553,-0.150205401
,,,41,52,45,-0.989439919,-0.121485715,0.079056108
,,,48,52,41,-0.367009413,0.911013684,-0.18803765
,,,52,54,53,-0.976238133,-0.130785842,0.172783595
,,,48,67,54,-0.296862415,0.93653219,-0.186494408
,,,58,345,59,-0.699303809,-0.26755672,0.662863171
,,,60,59,61,-0.812819384,0.192463503,0.549802192
,,,54,71,63,-0.962298486,-0.09828998,0.253615266
,,,66,71,54,-0.326014106,0.936251176,-0.130952427
,,,71,72,68,-0.989828942,-0.109723338,-0.09055084
,,,66,76,72,-0.260455604,0.952947003,-0.155096381
,,,72,80,73,-0.97280282,-0.138860167,0.185398296
,,,75,80,72,-0.349093822,0.925038617,-0.149790051
,,,75,109,79,-0.171007826,0.929737647,-0.326104633
,,,88,36,89,-0.995119136,-0.047748765,0.086359481
,,,93,88,90,-0.883726408,-0.450419872,0.127080976
,,,88,93,94,-0.876100621,-0.452796046,0.165600253
,,,95,94,93,-0.625160321,-0.758168008,0.185353296
,,,96,100,95,-0.971199731,0.118030864,0.206977771
,,,97,96,1,-0.94817675,-0.239262893,0.209079218
,,,98,99,97,-0.720549171,-0.678645987,0.142297287
,,,96,97,99,-0.961496596,-0.225208427,0.157497494
,,,7,102,98,-0.844842742,0.361761714,0.394169004
,,,101,104,102,-0.921442884,0.237813883,0.307225599
,,,101,6,103,-0.802972638,-0.052410612,0.593707058
,,,105,130,106,-0.708207024,0.445884104,0.547384853
,,,6,106,107,-0.774774488,0.402856482,0.487269071
,,,109,75,110,0.402997085,0.818200615,-0.410050122
,,,75,76,112,0.558283528,0.778343403,-0.287229959
,,,112,76,66,0.554399207,0.773077239,-0.308209508
,,,66,67,114,0.591231217,0.755623365,-0.281920165
,,,67,48,115,0.323441497,0.919460343,-0.223558215
,,,48,43,116,0.38133932,0.852439235,-0.357669782
,,,120,122,73,-0.898098806,-0.438370735,0.035350162
,,,121,122,124,-0.62543281,-0.755619865,0.194608375
,,,122,120,123,-0.90774788,-0.393994804,0.144089837
,,,120,80,79,-0.99580733,0.013173046,0.090522003
,,,130,105,16,-0.755756928,0.447019719,0.478544498
,,,105,5,14,-0.845223496,0.120546269,0.520639836
,,,130,133,132,-0.157232296,0.98680607,0.038623638
,,,132,269,107,-0.103134578,0.991726527,-0.076431376
,,,131,391,133,-0.095575156,0.99012459,-0.102560645
,,,21,89,36,-0.994798209,-0.085167706,0.055883667
,,,141,146,142,-0.53695123,-0.802638339,0.259721145
,,,146,148,147,-0.960026534,0.060252637,0.273347167
,,,150,156,143,-0.572269447,-0.752103867,0.326875288
,,,152,150,142,-0.969440338,-0.019703208,0.24453469
,,,153,152,147,-0.231851543,0.957772293,-0.170050277
,,,155,157,156,-0.64235023,-0.765398569,0.039385433
,,,152,158,155,-0.999436922,-0.026277094,0.020865132
,,,153,162,158,-0.158018676,0.984873027,-0.071100066
,,,159,160,157,-0.669582462,-0.742267884,0.02641428
,,,158,163,159,-0.992079147,0.035172234,-0.120589722
,,,162,169,163,-0.090272309,0.977770512,-0.18925046
,,,159,167,164,-0.633262176,-0.74359018,0.214598837
,,,163,172,167,-0.967168627,0.096933213,0.234922965
,,,168,172,163,-0.116860682,0.988755837,-0.093303145
,,,167,173,170,-0.704677726,-0.707563038,0.052762202
,,,172,174,173,-0.988144493,0.107449297,-0.109659058
,,,168,177,174,-0.048671965,0.99209642,-0.115653503
,,,175,176,170,-0.715618497,-0.695413972,-0.065494837
,,,174,178,175,-0.997318191,0.017190317,0.071140132
,,,177,181,178,-0.136194927,0.990382438,-0.024363273
,,,195,175,178,-0.99978918,-0.009219056,0.018346766
,,,197,176,175,-0.627714862,-0.757055986,0.181218888
,,,146,95,100,-0.993986475,0.060903396,0.091003651
,,,146,141,94,-0.599498987,-0.797528879,0.0674437
,,,201,207,202,-0.829014669,-0.552493019,0.086522491
,,,206,211,202,-0.983702175,0.022571549,0.178383173
,,,209,215,203,-0.786621221,-0.60910374,0.101092472
,,,211,217,209,-0.981346462,0.09295236,0.16828244
,,,212,217,211,-0.037035978,0.999117617,-0.019807174
,,,209,218,214,-0.705951935,-0.659862285,0.257320093
,,,217,222,218,-0.97371947,0.148021341,0.173089791
,,,219,222,217,0.007114195,0.99548798,-0.094620667
,,,218,223,220,-0.791754635,-0.610747761,0.010572171
,,,222,227,223,-0.992967593,0.116386575,0.021668526
,,,224,227,222,0.054246355,0.998517797,-0.004420645
,,,223,228,225,-0.766734809,-0.641871798,0.010877868
,,,227,232,228,-0.991648438,0.127835368,-0.017073205
,,,229,232,227,-0.003478718,0.997151971,-0.075338212
,,,228,233,230,-0.756474311,-0.63274108,-0.165485171
,,,232,234,233,-0.919645486,0.158912508,-0.3591643
,,,229,238,234,0.095044142,0.981981005,-0.163339884
,,,235,236,230,-0.715447742,-0.651094641,-0.253397508
,,,206,207,98,-0.975543312,0.166695746,0.143275174
,,,207,201,99,-0.726435838,-0.607360087,0.321566008
,,,208,213,211,-0.092802387,0.995683934,-0.001104462
,,,261,266,262,-0.914323968,-0.329236434,0.235828437
,,,266,268,267,-0.911806272,0.126154978,0.390761107
,,,268,107,269,-0.033501606,0.999399691,-0.008826044
,,,271,272,263,-0.820359885,-0.571069183,-0.029826956
,,,273,271,262,-0.936845196,0.040382037,0.347405196
,,,274,273,267,-0.112283043,0.971095873,0.210630773
,,,276,277,272,-0.746630401,-0.657021791,0.104237279
,,,279,276,271,-0.931520154,0.109375452,0.346853301
,,,274,285,279,-0.061178275,0.998116932,0.004450783
,,,280,281,277,-0.721108595,-0.680984482,-0.127524621
,,,283,280,276,-0.991823064,0.03322601,0.123219483
,,,284,283,279,-0.057906553,0.987820662,0.144420117
,,,286,292,281,-0.668767276,-0.719453969,-0.187446838
,,,289,286,280,-0.990052769,0.044242268,0.133559484
,,,290,289,283,-0.088576246,0.992179849,0.087939734
,,,291,296,292,-0.690434734,-0.722947318,-0.025437255
,,,294,291,286,-0.985967633,0.162544122,-0.038042533
,,,290,299,294,-0.103500502,0.979470177,0.172990807
,,,295,297,296,-0.694075844,-0.664904374,-0.275972637
,,,294,303,295,-0.996589252,0.058701465,0.058000008
,,,298,303,294,-0.125379767,0.985937543,0.110485632
,,,315,295,303,-0.992300385,0.017148474,-0.122661635
,,,317,297,295,-0.645855677,-0.760030984,-0.072272732
,,,268,266,103,-0.977078738,0.174585722,0.121807082
,,,266,261,104,-0.973126236,-0.22829331,-0.030124646
,,,270,275,267,-0.040814238,0.952713345,0.301117053
,,,62,61,340,-0.299238628,0.914108226,0.27360993
,,,59,346,344,-0.867172134,0.284239686,0.408925777
,,,345,348,346,-0.814004338,-0.254893083,0.521944876
,,,345,349,347,-0.495914945,-0.756195482,0.426891977
,,,62,397,15,-0.777467073,0.187170862,0.600426531
,,,16,397,389,-0.707601209,0.622944099,0.333528377
,,,391,131,389,-0.033441974,0.999436185,-0.002990981
,,,397,62,341,-0.419440096,0.901368104,0.107729047
,,,61,344,343,-0.436505938,0.899633864,-0.011021679
,,,45,47,39,-0.473442583,-0.85265679,0.220971763
,,,45,53,49,-0.483710975,-0.852023559,0.200198768
,,,43,44,117,0.279367745,0.85231876,-0.442161051
,,,181,183,182,0.053160071,0.96666185,-0.250477292
,,,200,197,195,-0.785693215,-0.60649707,0.121850217
,,,195,196,198,-0.973100829,-0.207167132,0.100779737
,,,196,178,182,-0.963829786,0.261529841,0.051325295
,,,197,200,179,-0.481520502,-0.874584025,0.05692793
,,,234,242,235,-0.988199676,0.129216189,-0.082247049
,,,237,242,234,-0.047835781,0.996551478,-0.06780037
,,,237,243,241,0.177854136,0.967603986,-0.179193838
,,,255,235,242,-0.970517048,0.067667379,-0.231339113
,,,257,236,235,-0.698512521,-0.71465326,-0.036755615
,,,260,257,255,-0.82222327,-0.564436197,-0.073216619
,,,255,256,258,-0.984877523,-0.123503945,-0.121503253
,,,256,242,241,-0.943682914,0.300297166,-0.138867458
,,,257,260,239,-0.595443659,-0.800018137,-0.0736059
,,,298,304,302,0.08137198,0.993499087,-0.079612588
,,,320,317,315,-0.783783787,-0.616417336,-0.075582034
,,,315,316,318,-0.980572766,-0.190269062,-0.047694187
,,,316,303,302,-0.96605435,0.25771723,-0.017911522
,,,317,320,300,-0.535420121,-0.833035664,-0.139200847
,,,23,20,19,0.664678409,-0.747062994,0.009974711
,,,33,81,34,0.942840516,-0.200269201,-0.266353164
,,,19,39,40,0.77544458,-0.629239351,-0.052378829
,,,47,51,40,0.79153564,-0.588644518,-0.164222298
,,,47,49,50,0.840797377,-0.52483224,-0.132706035
,,,49,64,65,0.885648248,-0.459956546,0.063774265
,,,64,69,70,0.850878451,-0.518420685,-0.085122586
,,,74,78,70,0.856090992,-0.515363877,-0.038836679
,,,77,118,78,0.914206,-0.220633526,-0.33992387
,,,33,31,30,0.348593863,0.607211668,-0.71398621
,,,86,87,33,0.950347412,0.114815327,-0.289235608
,,,87,85,31,0.311218527,0.792465503,-0.52453928
,,,38,140,117,0.333439414,0.858444036,-0.389733235
,,,118,77,119,0.257200721,-0.413070886,-0.873624766
,,,37,108,126,0.492888676,0.036736917,-0.869316486
,,,127,138,136,0.728927911,-0.05185456,-0.682623765
,,,126,323,138,0.600492948,0.285052041,-0.74709675
,,,126,129,128,0.363040042,0.31372441,-0.877370459
,,,118,111,110,0.905974383,0.071691676,-0.417217835
,,,110,112,70,0.967370035,0.237959056,-0.087009785
,,,112,113,65,0.945062937,0.170187287,-0.279091977
,,,113,114,50,0.966532987,0.243872274,-0.079625997
,,,50,114,115,0.909396033,0.197587625,-0.366002712
,,,51,115,116,0.946049849,0.246640509,-0.210138389
,,,116,117,24,0.87309062,0.289070317,-0.392620836
,,,140,23,24,0.839505346,0.275079744,-0.468574336
,,,125,124,119,0.308858636,-0.032746959,-0.950544044
,,,23,140,127,0.824183466,0.24857631,-0.508853056
,,,140,38,37,0.222963666,0.658917114,-0.718411749
,,,144,141,143,0.519776468,-0.854200202,-0.013207488
,,,143,156,151,0.655122201,-0.755516669,-0.003076521
,,,157,161,151,0.627077295,-0.778243826,-0.033325879
,,,160,166,161,0.721477438,-0.684401939,-0.105186938
,,,160,164,165,0.72583658,-0.650789433,-0.222787731
,,,164,170,171,0.723958585,-0.683112076,-0.096134591
,,,176,180,171,0.796937152,-0.597234878,-0.090563102
,,,179,193,180,0.798778516,-0.523543175,-0.296404159
,,,183,181,184,0.60371939,0.739810461,-0.296990539
,,,181,177,186,0.716452492,0.65314071,-0.245159212
,,,186,177,168,0.712379664,0.649992636,-0.264621969
,,,187,168,169,0.725248319,0.647336344,-0.234457955
,,,169,162,189,0.702557932,0.698559563,-0.135745676
,,,162,153,190,0.744760454,0.657348522,-0.114999073
,,,153,154,191,0.484213273,0.825133676,-0.291018765
,,,154,149,192,0.6189129,0.737124179,-0.271283555
,,,193,179,194,0.13450433,-0.404970602,-0.904382329
,,,193,185,184,0.932230346,-0.088585629,-0.35085491
,,,184,186,171,0.996051239,0.028376581,-0.084123113
,,,186,187,165,0.966096865,-0.021896752,-0.257249644
,,,165,187,188,0.9665587,-0.021685213,-0.255526968
,,,188,189,161,0.97724556,0.210225968,-0.028216262
,,,161,189,190,0.975643391,0.196257275,-0.097995184
,,,151,190,191,0.861464122,0.097414536,-0.498387375
,,,191,192,144,0.967748024,-0.055014419,-0.245839735
,,,183,185,194,-0.211982266,0.362147083,-0.90769654
,,,200,199,194,0.696085643,0.318298934,-0.64354531
,,,108,144,192,0.906999076,-0.017817303,-0.420755534
,,,192,149,129,0.514621551,0.6243243,-0.587693651
,,,203,215,210,0.497711108,-0.865979864,-0.04860584
,,,215,214,216,0.512652488,-0.854195025,-0.086823306
,,,214,220,221,0.639598591,-0.765058267,-0.074829744
,,,220,225,226,0.65827357,-0.752148338,0.030802339
,,,225,230,231,0.659836546,-0.74624114,0.087976659
,,,236,240,231,0.676546416,-0.734095861,0.058208372
,,,239,253,240,0.807135078,-0.562460663,-0.179362673
,,,243,237,244,0.698325023,0.695930648,-0.167399805
,,,244,237,238,0.706218336,0.707923736,0.009982246
,,,246,238,229,0.796393734,0.600776933,-0.069455727
,,,247,229,224,0.808450189,0.588319678,0.016977872
,,,248,224,219,0.794019133,0.606954053,-0.033769721
,,,219,212,250,0.645604804,0.70611575,-0.29085217
,,,250,212,213,0.655178801,0.708686237,-0.261733752
,,,213,208,252,0.760497535,0.621591292,-0.187797137
,,,253,239,254,0.416533512,-0.388023246,-0.822154361
,,,258,241,254,0.726195881,0.474584385,-0.497402458
,,,253,245,244,0.967048509,-0.166106127,-0.192940237
,,,240,244,246,0.94710452,-0.26553781,0.180229574
,,,231,246,247,0.998817511,-0.048614223,-0.000487228
,,,226,247,248,0.998669449,-0.051548339,0.0014494
,,,221,248,249,0.977964698,-0.039262032,-0.205045221
,,,216,249,250,0.957788169,-0.013099725,-0.287176287
,,,210,250,251,0.948020227,-0.016773311,-0.317767692
,,,251,252,205,0.959409416,-0.198139178,-0.200684924
,,,243,245,254,0.174457963,0.43981199,-0.880982311
,,,260,259,254,0.616486531,-0.044366798,-0.78611446
,,,128,205,252,0.830030352,-0.03903429,-0.556350554
,,,252,208,135,0.418498683,0.504935782,-0.754916359
,,,264,261,263,0.409149845,-0.869465351,-0.276814753
,,,272,278,265,0.431164789,-0.826682324,-0.361515227
,,,277,282,278,0.470253679,-0.742760708,-0.476621452
,,,281,288,282,0.631715666,-0.705765988,-0.320670685
,,,281,292,287,0.676306182,-0.729301087,-0.103585098
,,,292,296,293,0.703942969,-0.679997203,-0.205105096
,,,297,301,293,0.700433676,-0.706607293,-0.100492783
,,,300,313,301,0.762744164,-0.558312881,-0.326355738
,,,304,298,305,0.618049546,0.77237834,-0.146446096
,,,298,299,307,0.761605086,0.647885172,-0.014230137
,,,299,290,308,0.768981609,0.639269996,0.001075569
,,,290,284,309,0.775783622,0.630964639,-0.006587618
,,,284,285,310,0.712201292,0.700583715,-0.044178927
,,,285,274,311,0.669296669,0.742331201,0.031406326
,,,274,275,312,0.688821053,0.685395044,-0.236133839
,,,270,321,312,0.57391124,0.776388728,-0.260473476
,,,313,300,314,0.309014623,-0.240994708,-0.920017127
,,,318,302,314,0.589274423,0.633887704,-0.500941148
,,,313,306,305,0.950026758,0.057987799,-0.30673535
,,,305,307,293,0.99661828,0.017876977,0.08020235
,,,293,307,308,0.989006169,0.059947125,-0.135178175
,,,287,308,309,0.988252074,0.082615789,-0.128578652
,,,288,309,310,0.961310784,0.071795487,-0.265945453
,,,282,310,311,0.939458229,-0.00141035,-0.342660542
,,,278,311,312,0.970756314,0.058583996,-0.232809139
,,,312,321,264,0.691636817,-0.270142769,-0.669821914
,,,304,306,314,0.006451581,0.626126932,-0.779694454
,,,320,319,314,0.520995558,0.131994242,-0.843291853
,,,134,264,321,0.696224673,-0.27263,-0.66403621
,,,321,270,269,0.518626528,0.779586414,-0.35110048
,,,134,322,139,0.184529767,-0.008006707,-0.982794311
,,,139,324,323,0.592176449,0.222244584,-0.774554322
,,,322,325,324,0.83771454,0.246944943,-0.487085766
,,,325,322,269,0.386386881,0.878361876,-0.281399347
,,,329,354,324,0.67117036,0.28782406,-0.683145415
,,,132,133,329,0.427841204,0.809232362,-0.402610094
,,,327,330,81,0.472174517,0.001812933,-0.881503227
,,,330,327,326,-0.005218153,0.370022185,-0.929008263
,,,332,339,333,0.635344478,0.348044025,-0.689349513
,,,338,330,331,0.045563021,0.500549832,-0.864507881
,,,342,398,340,0.309094708,0.767903289,-0.561057039
,,,349,352,350,0.292579624,-0.954659791,0.054971326
,,,351,353,350,0.752415228,-0.290589965,-0.591125026
,,,351,398,342,0.674619198,0.2829922,-0.681765614
,,,323,331,326,0.677836647,0.228391692,-0.698838117
,,,323,324,354,0.680699662,0.243945399,-0.690752208
,,,328,136,138,0.783364889,-0.046715933,-0.61980406
,,,86,361,357,0.903255724,0.416680648,-0.102500409
,,,362,367,357,0.900880369,0.433367272,-0.024644858
,,,366,371,367,0.934738905,0.310224397,-0.173274357
,,,370,378,371,0.9088069,0.215756557,-0.357098202
,,,378,370,379,0.54376772,-0.677044492,-0.495910701
,,,385,381,382,0.292898602,-0.606771588,0.73894428
,,,382,380,383,-0.06261383,-0.739354158,0.670399088
,,,381,385,370,0.815758387,-0.327606187,0.476668062
,,,378,375,374,0.288346579,0.199861289,-0.936435644
,,,371,374,376,0.458566908,0.675474351,-0.577451983
,,,367,376,377,0.375855297,0.80574031,-0.457728466
,,,357,377,85,0.398142468,0.740507327,-0.541416173
,,,385,384,379,0.318168263,-0.380329432,-0.868399953
,,,57,394,351,0.894998459,-0.219248599,-0.388468545
,,,387,389,341,0.230598241,0.959711025,-0.160559021
,,,339,332,390,0.371043544,0.63924521,-0.673566812
,,,391,387,392,0.494890819,0.71537543,-0.493275858
,,,394,335,390,0.898419748,0.382816397,-0.215159388
,,,339,331,354,0.536536773,0.174387196,-0.825661793
,,,333,354,329,0.582731296,0.270783221,-0.766224956
,,,393,329,133,0.344134499,0.810721135,-0.473606048
,,,330,338,337,0.698429861,0.136609528,-0.702519442
,,,390,335,337,0.908545384,0.289950883,-0.300788581
,,,388,394,332,0.723995405,0.491259205,-0.484246886
,,,351,394,388,0.726886089,0.492177978,-0.47895454
,,,388,334,392,0.675806744,0.625094346,-0.390566643
,,,392,334,333,0.554659225,0.462705353,-0.691561205
,,,388,341,340,0.365447316,0.741714251,-0.562412863
